"Time (s)","Distance (cm)"
0.000000000E0,0.000000000E0
