"Time (s)","Distance (cm)"
8.790695820E-1,0.000000000E0
0.000000000E0,0.000000000E0
