"Time (s)","Distance (cm)"
0.000000000E0,5.000000000E0
0.000000000E0,5.000000000E0
2.403623913E2,0.000000000E0
2.462373824E2,5.000000000E0
