"Time (s)","Distance (cm)"
0.000000000E0,0.000000000E0
2.572280557E2,0.000000000E0
