"Time (s)","Distance (cm)"
0.000000000E0,0.000000000E0
7.559714610E-1,5.000000000E0
3.085834846E0,0.000000000E0
