"Time (s)","Distance (cm)"
0.000000000E0,5.000000000E0
3.587150553E2,0.000000000E0
3.610450332E2,5.000000000E0
