"Time (s)","Distance (cm)"
0.000000000E0,0.000000000E0
1.593321815E2,5.000000000E0
1.507135488E2,0.000000000E0
